{
  "appId": "com.cleancustomer.appcustomer",
  "appName": "clean customer",
  "bundledWebRuntime": false,
  "npmClient": "npm",
  "webDir": "build",
  "plugins": {
    "SplashScreen": {
      "launchShowDuration": 3000,
      "launchAutoHide": true,
      "backgroundColor": "#ffffffff",
      "androidSplashResourceName": "splash",
      "androidScaleType": "CENTER_CROP",
      "androidSpinnerStyle": "large",
      "iosSpinnerStyle": "small",
      "spinnerColor": "#999999",
      "showSpinner": true,
      "splashFullScreen": true,
      "splashImmersive": true
    }
  },
  "cordova": {}
}
